00:00:00,D-3,R-8,Normal,True
00:00:43,R-4,R-6,Normal,True
00:01:26,D-1,R-2,Normal,False
00:02:10,R-4,R-2,Stat,False
00:02:53,R-8,R-7,Stat,False
00:03:36,R-1,R-7,Stat,False
00:04:19,D-4,D-1,Normal,False
00:05:02,D-4,D-1,Normal,False
00:05:46,R-3,D-3,Stat,False
00:06:29,R-4,R-3,Normal,True
00:07:12,R-4,R-3,Stat,False
00:07:55,R-6,R-3,Normal,True
00:08:38,R-4,R-3,Normal,True
00:09:22,R-4,R-3,Stat,False
00:10:05,R-7,R-3,Stat,False
00:10:48,R-8,R-7,Stat,False
00:11:31,R-1,D-4,Normal,True
00:12:14,R-7,R-6,Normal,False
00:12:58,D-4,D-1,Normal,False
00:13:41,R-4,R-1,Normal,False
00:14:24,R-4,R-5,Stat,False
00:15:07,R-2,D-2,Normal,True
00:15:50,R-7,R-3,Stat,False
00:16:34,R-4,R-6,Normal,True
00:17:17,D-1,R-2,Normal,False
00:18:00,D-1,R-2,Normal,False
00:18:43,R-4,R-2,Stat,False
00:19:26,D-1,R-2,Normal,False
00:20:10,R-2,D-2,Normal,True
00:20:53,R-2,D-4,Stat,False
00:21:36,R-4,R-3,Stat,False
00:22:19,D-4,D-1,Normal,False
00:23:02,R-2,D-2,Normal,True
00:23:46,R-8,D-3,Stat,False
00:24:29,R-8,R-7,Stat,False
00:25:12,R-6,D-1,Normal,True
00:25:55,R-6,R-7,Normal,False
00:26:38,R-7,R-1,Normal,False
00:27:22,R-7,R-3,Stat,False
00:28:05,R-4,R-2,Normal,True
00:28:48,R-5,R-3,Normal,False
00:29:31,R-3,D-3,Stat,False
00:30:14,R-4,R-3,Normal,True
00:30:58,R-7,R-3,Stat,False
00:31:41,R-8,D-2,Normal,False
00:32:24,R-7,R-4,Normal,True
00:33:07,R-1,R-4,Stat,False
00:33:50,R-4,R-2,Stat,False
00:34:34,R-1,R-6,Normal,True
00:35:17,R-2,D-4,Stat,False
00:36:00,D-3,R-1,Normal,False
00:36:43,R-7,R-1,Normal,False
00:37:26,R-4,R-3,Normal,True
00:38:10,R-4,D-4,Stat,False
00:38:53,R-8,R-7,Normal,True
00:39:36,R-7,R-1,Normal,False
00:40:19,R-8,R-7,Normal,True
00:41:02,D-1,R-1,Normal,True
00:41:46,R-6,R-7,Normal,False
00:42:29,R-7,R-4,Normal,True
00:43:12,D-1,R-5,Stat,False
00:43:55,D-1,R-2,Normal,False
00:44:38,R-4,R-2,Normal,True
00:45:22,D-2,D-1,Normal,False
00:46:05,R-4,R-6,Normal,True
00:46:48,D-1,R-2,Normal,False
00:47:31,D-1,R-2,Normal,False
00:48:14,R-4,R-1,Normal,False
00:48:58,R-3,D-3,Stat,False
00:49:41,R-1,R-7,Stat,False
00:50:24,D-3,R-8,Stat,False
00:51:07,R-7,R-3,Stat,False
00:51:50,R-2,R-3,Stat,False
00:52:34,D-2,R-7,Stat,False
00:53:17,R-4,R-6,Normal,True
00:54:00,R-5,R-8,Stat,False
00:54:43,R-8,R-4,Stat,False
00:55:26,R-8,D-2,Normal,False
00:56:10,R-5,R-3,Normal,False
00:56:53,R-2,R-1,Stat,False
00:57:36,R-1,R-4,Stat,False
00:58:19,D-1,R-1,Normal,True
00:59:02,R-5,R-1,Stat,False
00:59:46,R-1,R-4,Stat,False
01:00:29,R-1,R-6,Normal,True
01:01:12,R-1,R-6,Normal,True
01:01:55,R-1,D-4,Normal,True
01:02:38,R-4,R-5,Normal,False
01:03:22,R-2,R-3,Stat,False
01:04:05,R-4,D-2,Stat,False
01:04:48,R-8,D-3,Stat,False
01:05:31,D-1,R-2,Normal,False
01:06:14,R-2,R-8,Normal,False
01:06:58,D-1,R-5,Stat,False
01:07:41,R-1,D-4,Normal,True
01:08:24,D-2,D-1,Normal,False
01:09:07,R-6,R-1,Normal,True
01:09:50,D-1,R-2,Normal,False
01:10:34,D-3,D-1,Normal,False
01:11:17,R-7,R-4,Normal,True
01:12:00,R-1,R-6,Normal,True
01:12:43,R-8,R-4,Stat,False
01:13:26,R-4,R-2,Stat,False
01:14:10,D-4,D-1,Normal,False
01:14:53,R-2,R-1,Stat,False
01:15:36,R-4,R-5,Normal,False
01:16:19,R-4,R-2,Normal,True
01:17:02,R-8,R-3,Stat,False
01:17:46,R-5,R-3,Normal,False
01:18:29,R-4,R-6,Normal,True
01:19:12,R-2,D-2,Normal,True
01:19:55,R-2,D-2,Normal,True
01:20:38,D-1,R-1,Normal,True
01:21:22,D-3,R-8,Normal,True
01:22:05,R-7,R-1,Normal,False
01:22:48,R-6,R-1,Normal,True
01:23:31,R-4,R-6,Normal,True
01:24:14,D-3,R-8,Normal,True
01:24:58,D-2,R-7,Stat,False
01:25:41,R-2,D-4,Stat,False
01:26:24,R-5,D-4,Stat,False
01:27:07,R-8,D-2,Stat,False
01:27:50,R-8,D-2,Normal,False
01:28:34,R-4,R-5,Stat,False
01:29:17,R-4,D-2,Stat,False
01:30:00,R-5,D-1,Stat,False
01:30:43,R-2,D-2,Normal,True
01:31:26,R-5,R-8,Stat,False
01:32:10,D-1,R-2,Normal,False
01:32:53,D-4,R-1,Normal,True
01:33:36,R-4,D-4,Stat,False
01:34:19,R-4,D-2,Stat,False
01:35:02,R-4,D-2,Stat,False
01:35:46,R-7,R-4,Normal,True
01:36:29,R-4,R-3,Stat,False
01:37:12,D-1,R-2,Normal,False
01:37:55,D-1,R-2,Normal,False
01:38:38,R-2,R-1,Stat,False
01:39:22,R-8,R-3,Stat,False
01:40:05,D-1,R-2,Normal,False
01:40:48,D-4,D-1,Normal,False
01:41:31,R-6,R-1,Normal,True
01:42:14,D-1,R-2,Normal,False
01:42:58,R-8,R-3,Stat,False
01:43:41,R-5,R-3,Normal,False
01:44:24,D-1,R-2,Normal,False
01:45:07,D-3,D-1,Normal,False
01:45:50,R-2,D-2,Normal,True
01:46:34,R-7,R-4,Normal,True
01:47:17,R-1,R-7,Stat,False
01:48:00,R-4,R-5,Stat,False
01:48:43,R-8,D-2,Stat,False
01:49:26,D-3,R-8,Normal,True
01:50:10,D-1,R-2,Normal,False
01:50:53,R-7,R-6,Normal,False
01:51:36,D-3,R-8,Normal,True
01:52:19,R-2,R-8,Normal,False
01:53:02,R-6,D-1,Normal,True
01:53:46,R-4,R-3,Normal,True
01:54:29,D-4,D-1,Normal,False
01:55:12,R-7,R-8,Stat,False
01:55:55,R-4,R-5,Stat,False
01:56:38,R-4,R-3,Normal,True
01:57:22,R-4,R-3,Normal,True
01:58:05,R-8,R-7,Normal,True
01:58:48,R-2,R-1,Stat,False
01:59:31,R-5,D-4,Normal,False
02:00:14,R-4,R-3,Normal,True
02:00:58,R-3,D-3,Stat,False
02:01:41,R-7,R-4,Normal,True
02:02:24,R-8,D-2,Stat,False
02:03:07,R-6,R-1,Normal,True
02:03:50,R-8,D-2,Stat,False
02:04:34,R-5,R-4,Normal,True
02:05:17,R-2,D-4,Stat,False
02:06:00,R-7,R-8,Stat,False
02:06:43,R-8,D-4,Stat,False
02:07:26,R-6,R-3,Normal,True
02:08:10,R-1,R-7,Stat,False
02:08:53,D-4,D-1,Normal,True
02:09:36,R-6,R-1,Normal,True
02:10:19,R-5,R-1,Stat,False
02:11:02,R-4,R-2,Stat,False
02:11:46,R-4,R-5,Stat,False
02:12:29,R-6,R-1,Normal,True
02:13:12,D-4,D-1,Normal,False
02:13:55,D-3,R-3,Normal,False
02:14:38,R-4,R-5,Stat,False
02:15:22,R-2,D-4,Stat,False
02:16:05,R-5,D-4,Normal,False
02:16:48,D-3,R-8,Normal,False
02:17:31,R-5,D-4,Normal,False
02:18:14,D-3,R-3,Normal,False
02:18:58,R-8,D-2,Normal,False
02:19:41,D-3,R-8,Normal,True
02:20:24,R-1,D-4,Normal,True
02:21:07,R-4,R-1,Normal,False
02:21:50,R-6,D-1,Normal,True
02:22:34,R-2,R-1,Stat,False
02:23:17,R-5,R-1,Stat,False
02:24:00,D-4,R-1,Normal,True
02:24:43,D-3,R-1,Normal,False
02:25:26,R-6,R-1,Normal,True
02:26:10,R-7,D-3,Normal,True
02:26:53,R-2,D-2,Normal,True
02:27:36,R-8,D-3,Stat,False
02:28:19,R-4,R-2,Stat,False
02:29:02,R-7,R-3,Stat,False
02:29:46,R-4,R-3,Normal,True
02:30:29,R-2,R-1,Stat,False
02:31:12,D-2,D-1,Normal,False
02:31:55,R-2,R-8,Normal,False
02:32:38,D-4,D-1,Normal,True
02:33:22,D-3,D-1,Normal,False
02:34:05,R-8,D-2,Stat,False
02:34:48,R-5,R-3,Normal,False
02:35:31,R-5,D-4,Normal,False
02:36:14,D-2,D-1,Normal,False
02:36:58,D-4,D-1,Normal,False
02:37:41,D-3,R-3,Normal,False
02:38:24,R-1,R-7,Stat,False
02:39:07,R-8,R-7,Normal,True
02:39:50,R-1,D-4,Normal,True
02:40:34,R-1,R-7,Stat,False
02:41:17,D-1,R-2,Normal,False
02:42:00,R-2,D-4,Stat,False
02:42:43,R-6,R-3,Normal,True
02:43:26,R-2,R-5,Stat,False
02:44:10,R-6,R-7,Normal,False
02:44:53,R-5,D-1,Stat,False
02:45:36,R-8,R-7,Normal,True
02:46:19,R-1,R-6,Normal,True
02:47:02,R-4,R-2,Stat,False
02:47:46,R-2,R-3,Stat,False
02:48:29,R-1,D-4,Normal,True
02:49:12,R-5,R-4,Normal,True
02:49:55,R-1,D-4,Normal,True
02:50:38,R-4,R-2,Normal,True
02:51:22,R-8,R-7,Stat,False
02:52:05,D-2,D-1,Normal,False
02:52:48,D-3,R-3,Normal,False
02:53:31,R-1,R-4,Stat,False
02:54:14,R-8,D-3,Stat,False
02:54:58,D-3,R-8,Normal,False
02:55:41,R-8,D-4,Stat,False
02:56:24,R-1,D-4,Normal,True
02:57:07,D-2,D-1,Normal,False
02:57:50,R-4,R-5,Stat,False
02:58:34,D-4,D-1,Normal,False
02:59:17,R-4,R-3,Stat,False
03:00:00,R-6,R-3,Normal,True
03:00:43,R-2,D-2,Normal,True
03:01:26,R-8,R-7,Normal,True
03:02:10,R-1,R-4,Stat,False
03:02:53,R-8,R-3,Stat,False
03:03:36,R-8,R-3,Stat,False
03:04:19,R-8,R-7,Stat,False
03:05:02,R-4,R-3,Stat,False
03:05:46,R-4,D-2,Stat,False
03:06:29,R-4,R-3,Stat,False
03:07:12,D-4,D-1,Normal,True
03:07:55,R-4,R-2,Stat,False
03:08:38,D-2,D-1,Normal,False
03:09:22,R-5,D-4,Normal,False
03:10:05,R-7,R-1,Normal,False
03:10:48,R-1,R-6,Normal,True
03:11:31,R-4,R-3,Stat,False
03:12:14,R-4,R-1,Normal,False
03:12:58,R-8,D-4,Stat,False
03:13:41,R-7,R-4,Normal,True
03:14:24,R-4,R-3,Stat,False
03:15:07,D-1,R-8,Normal,True
03:15:50,R-4,D-4,Stat,False
03:16:34,D-3,D-1,Normal,False
03:17:17,R-1,R-7,Stat,False
03:18:00,D-1,R-8,Normal,True
03:18:43,R-3,D-3,Stat,False
03:19:26,R-7,R-3,Stat,False
03:20:10,D-1,R-1,Normal,True
03:20:53,R-8,D-2,Stat,False
03:21:36,R-1,D-4,Normal,True
03:22:19,D-3,R-8,Normal,False
03:23:02,R-6,R-7,Normal,False
03:23:46,R-2,R-5,Stat,False
03:24:29,R-8,R-7,Normal,True
03:25:12,R-7,R-6,Normal,False
03:25:55,D-3,R-8,Normal,False
03:26:38,D-1,R-8,Normal,True
03:27:22,R-1,R-7,Stat,False
03:28:05,R-8,D-2,Stat,False
03:28:48,R-4,R-2,Stat,False
03:29:31,R-6,R-1,Normal,True
03:30:14,R-5,D-1,Stat,False
03:30:58,R-8,R-3,Stat,False
03:31:41,R-4,R-3,Normal,True
03:32:24,R-8,D-4,Stat,False
03:33:07,R-1,D-4,Normal,True
03:33:50,R-5,R-3,Normal,False
03:34:34,D-3,R-8,Normal,True
03:35:17,D-2,D-1,Normal,False
03:36:00,R-6,D-1,Normal,True
03:36:43,R-2,D-2,Normal,True
03:37:26,D-3,R-8,Stat,False
03:38:10,D-3,R-1,Normal,False
03:38:53,R-2,R-5,Stat,False
03:39:36,R-1,R-7,Stat,False
03:40:19,R-5,D-4,Stat,False
03:41:02,R-7,R-3,Stat,False
03:41:46,R-8,D-3,Stat,False
03:42:29,D-4,R-1,Normal,True
03:43:12,R-2,D-4,Stat,False
03:43:55,R-5,R-8,Stat,False
03:44:38,D-3,R-3,Normal,False
03:45:22,R-8,R-4,Stat,False
03:46:05,R-1,R-4,Stat,False
03:46:48,R-4,R-2,Stat,False
03:47:31,R-4,R-2,Normal,True
03:48:14,R-4,R-6,Normal,True
03:48:58,R-5,D-1,Stat,False
03:49:41,R-8,D-2,Stat,False
03:50:24,D-1,R-1,Normal,True
03:51:07,R-2,D-2,Normal,True
03:51:50,R-2,R-5,Stat,False
03:52:34,R-7,R-6,Normal,False
03:53:17,D-1,R-1,Normal,True
03:54:00,D-1,R-2,Normal,False
03:54:43,D-4,D-1,Normal,False
03:55:26,R-7,R-6,Normal,False
03:56:10,R-7,R-6,Normal,False
03:56:53,R-4,R-1,Normal,False
03:57:36,D-3,R-8,Normal,True
03:58:19,R-2,D-2,Normal,True
03:59:02,R-6,R-1,Normal,True
03:59:46,R-4,R-6,Normal,True
04:00:29,R-8,R-7,Normal,True
04:01:12,R-7,R-3,Stat,False
04:01:55,R-1,R-4,Stat,False
04:02:38,R-3,D-3,Stat,False
04:03:22,R-7,R-3,Stat,False
04:04:05,R-4,R-5,Normal,False
04:04:48,R-5,R-4,Normal,True
04:05:31,R-4,D-4,Stat,False
04:06:14,R-4,R-2,Stat,False
04:06:58,R-2,D-4,Stat,False
04:07:41,R-4,R-1,Normal,False
04:08:24,D-3,R-8,Normal,True
04:09:07,R-4,R-2,Stat,False
04:09:50,R-5,D-4,Stat,False
04:10:34,R-4,R-3,Stat,False
04:11:17,R-5,D-4,Normal,False
04:12:00,R-8,D-4,Stat,False
04:12:43,D-1,R-1,Normal,True
04:13:26,R-5,D-4,Normal,False
04:14:10,R-7,R-6,Normal,False
04:14:53,R-2,D-4,Stat,False
04:15:36,D-1,R-2,Normal,False
04:16:19,R-6,R-1,Normal,True
04:17:02,R-5,R-3,Normal,False
04:17:46,R-2,R-8,Normal,False
04:18:29,R-2,R-1,Stat,False
04:19:12,R-7,R-6,Normal,False
04:19:55,R-2,R-1,Stat,False
04:20:38,D-1,R-5,Stat,False
04:21:22,D-2,D-1,Normal,False
04:22:05,R-2,R-1,Stat,False
04:22:48,R-4,R-2,Stat,False
04:23:31,R-4,R-2,Stat,False
04:24:14,R-4,R-3,Stat,False
04:24:58,D-1,R-1,Normal,True
04:25:41,D-4,D-1,Normal,True
04:26:24,D-4,D-1,Normal,False
04:27:07,D-3,R-8,Normal,False
04:27:50,D-3,R-8,Stat,False
04:28:34,R-4,R-2,Stat,False
04:29:17,R-2,D-2,Normal,True
04:30:00,D-4,R-1,Normal,True
04:30:43,D-2,R-7,Stat,False
04:31:26,D-4,D-1,Normal,True
04:32:10,R-4,R-2,Stat,False
04:32:53,D-1,R-2,Normal,False
04:33:36,D-4,D-1,Normal,True
04:34:19,R-4,R-2,Stat,False
04:35:02,D-2,D-1,Normal,False
04:35:46,R-6,D-1,Normal,True
04:36:29,R-1,D-4,Normal,True
04:37:12,R-6,R-1,Normal,True
04:37:55,R-6,R-2,Normal,True
04:38:38,D-4,D-1,Normal,True
04:39:22,D-1,R-5,Stat,False
04:40:05,D-3,R-8,Normal,True
04:40:48,R-6,R-2,Normal,True
04:41:31,R-5,D-4,Normal,False
04:42:14,R-7,R-6,Normal,False
04:42:58,R-2,R-1,Stat,False
04:43:41,D-4,D-1,Normal,True
04:44:24,R-7,R-1,Normal,False
04:45:07,R-4,R-2,Stat,False
04:45:50,R-1,R-7,Stat,False
04:46:34,R-4,R-3,Normal,True
04:47:17,R-8,D-2,Stat,False
04:48:00,R-1,R-7,Stat,False
04:48:43,R-2,R-8,Normal,False
04:49:26,D-3,R-1,Normal,False
04:50:10,R-1,R-6,Normal,True
04:50:53,R-1,D-4,Normal,True
04:51:36,R-1,D-4,Normal,True
04:52:19,R-4,R-2,Stat,False
04:53:02,R-2,D-2,Normal,True
04:53:46,D-3,R-8,Normal,True
04:54:29,R-2,R-8,Normal,False
04:55:12,D-3,R-8,Normal,False
04:55:55,R-8,R-4,Stat,False
04:56:38,R-1,D-4,Normal,True
04:57:22,R-4,R-1,Normal,False
04:58:05,D-3,R-8,Normal,True
04:58:48,R-7,R-4,Normal,True
04:59:31,D-2,R-7,Stat,False
05:00:14,R-5,D-4,Stat,False
05:00:58,R-2,R-8,Normal,False
05:01:41,D-1,R-8,Normal,True
05:02:24,R-4,R-3,Normal,True
05:03:07,R-1,R-6,Normal,True
05:03:50,R-1,R-4,Stat,False
05:04:34,D-3,R-8,Stat,False
05:05:17,D-1,R-5,Stat,False
05:06:00,R-8,D-3,Stat,False
05:06:43,R-5,R-4,Normal,True
05:07:26,R-7,R-6,Normal,False
05:08:10,D-2,R-7,Stat,False
05:08:53,R-2,D-4,Stat,False
05:09:36,R-8,R-7,Stat,False
05:10:19,R-2,D-4,Stat,False
05:11:02,R-6,R-2,Normal,True
05:11:46,R-1,R-7,Stat,False
05:12:29,R-4,R-3,Stat,False
05:13:12,R-4,R-1,Normal,False
05:13:55,R-2,D-4,Stat,False
05:14:38,R-1,R-7,Stat,False
05:15:22,R-6,R-1,Normal,True
05:16:05,D-1,R-2,Normal,False
05:16:48,D-3,D-1,Normal,False
05:17:31,R-2,R-8,Normal,False
05:18:14,R-2,D-4,Stat,False
05:18:58,R-5,D-4,Stat,False
05:19:41,R-6,R-1,Normal,True
05:20:24,R-4,R-3,Stat,False
05:21:07,R-8,D-4,Stat,False
05:21:50,D-1,R-2,Normal,False
05:22:34,R-5,D-4,Stat,False
05:23:17,R-4,R-5,Stat,False
05:24:00,R-5,D-4,Normal,False
05:24:43,R-4,R-1,Normal,False
05:25:26,R-2,R-8,Normal,False
05:26:10,R-4,R-2,Stat,False
05:26:53,R-5,D-4,Normal,False
05:27:36,R-5,R-3,Normal,False
05:28:19,R-8,D-2,Normal,False
05:29:02,R-4,D-2,Stat,False
05:29:46,D-3,R-8,Normal,True
05:30:29,R-4,R-2,Stat,False
05:31:12,D-4,D-1,Normal,True
05:31:55,R-2,R-8,Normal,False
05:32:38,R-2,R-5,Stat,False
05:33:22,D-3,R-8,Normal,True
05:34:05,R-3,D-3,Stat,False
05:34:48,R-6,R-1,Normal,True
05:35:31,R-4,R-2,Stat,False
05:36:14,D-4,R-1,Normal,True
05:36:58,R-6,D-1,Normal,True
05:37:41,R-3,D-3,Stat,False
05:38:24,R-2,D-2,Normal,True
05:39:07,R-7,R-6,Normal,False
05:39:50,R-6,D-1,Normal,True
05:40:34,R-4,R-2,Normal,True
05:41:17,R-4,R-5,Normal,False
05:42:00,R-1,R-6,Normal,True
05:42:43,R-6,R-7,Normal,False
05:43:26,R-5,R-3,Normal,False
05:44:10,R-7,R-6,Normal,False
05:44:53,R-8,D-4,Stat,False
05:45:36,R-8,D-3,Stat,False
05:46:19,D-1,R-8,Normal,True
05:47:02,R-5,D-4,Stat,False
05:47:46,R-4,R-1,Normal,False
05:48:29,R-2,D-2,Normal,True
05:49:12,R-5,R-3,Normal,False
05:49:55,D-3,R-1,Normal,False
05:50:38,R-8,R-3,Stat,False
05:51:22,R-5,D-1,Stat,False
05:52:05,R-4,R-5,Normal,False
05:52:48,D-2,R-7,Stat,False
05:53:31,D-3,D-1,Normal,False
05:54:14,R-6,R-3,Normal,True
05:54:58,R-1,R-4,Stat,False
05:55:41,R-8,R-4,Stat,False
05:56:24,R-8,D-4,Stat,False
05:57:07,R-8,D-2,Normal,False
05:57:50,R-5,R-8,Stat,False
05:58:34,R-7,R-1,Normal,False
05:59:17,R-2,D-4,Stat,False
06:00:00,R-6,R-1,Normal,True
06:00:43,R-7,D-3,Normal,True
06:01:26,R-5,D-4,Normal,False
06:02:10,R-4,R-2,Stat,False
06:02:53,R-8,R-7,Normal,True
06:03:36,R-6,D-1,Normal,True
06:04:19,R-5,D-4,Normal,False
06:05:02,R-6,D-1,Normal,True
06:05:46,D-3,R-8,Normal,False
06:06:29,R-5,R-8,Stat,False
06:07:12,R-5,D-4,Stat,False
06:07:55,R-7,R-6,Normal,False
06:08:38,D-3,R-3,Normal,False
06:09:22,D-1,R-2,Normal,False
06:10:05,R-4,R-2,Stat,False
06:10:48,R-6,D-1,Normal,True
06:11:31,R-2,R-1,Stat,False
06:12:14,D-4,D-1,Normal,False
06:12:58,D-1,R-2,Normal,False
06:13:41,D-1,R-1,Normal,True
06:14:24,R-2,R-5,Stat,False
06:15:07,R-7,R-8,Stat,False
06:15:50,R-1,D-4,Normal,True
06:16:34,R-6,R-3,Normal,True
06:17:17,R-4,D-4,Stat,False
06:18:00,R-7,R-6,Normal,False
06:18:43,R-7,R-4,Normal,True
06:19:26,R-5,R-8,Stat,False
06:20:10,R-8,D-2,Stat,False
06:20:53,R-5,R-8,Stat,False
06:21:36,R-4,R-2,Stat,False
06:22:19,R-4,R-2,Stat,False
06:23:02,R-8,R-7,Stat,False
06:23:46,R-2,D-4,Stat,False
06:24:29,R-5,D-4,Normal,False
06:25:12,D-3,R-3,Normal,False
06:25:55,D-4,R-1,Normal,True
06:26:38,R-6,R-7,Normal,False
06:27:22,R-4,R-2,Stat,False
06:28:05,R-4,R-1,Normal,False
06:28:48,R-4,R-2,Normal,True
06:29:31,R-4,R-6,Normal,True
06:30:14,R-7,D-3,Normal,True
06:30:58,R-2,R-1,Stat,False
06:31:41,R-8,R-7,Normal,True
06:32:24,D-4,D-1,Normal,False
06:33:07,R-4,R-2,Stat,False
06:33:50,D-4,R-1,Normal,True
06:34:34,R-2,R-8,Normal,False
06:35:17,R-4,R-2,Stat,False
06:36:00,D-1,R-2,Normal,False
06:36:43,R-1,R-7,Stat,False
06:37:26,R-4,D-2,Stat,False
06:38:10,R-1,R-4,Stat,False
06:38:53,R-2,D-4,Stat,False
06:39:36,R-1,R-4,Stat,False
06:40:19,R-7,R-6,Normal,False
06:41:02,R-7,R-3,Stat,False
06:41:46,D-3,R-1,Normal,False
06:42:29,R-4,D-2,Stat,False
06:43:12,R-2,R-3,Stat,False
06:43:55,R-4,R-3,Stat,False
06:44:38,R-8,R-3,Stat,False
06:45:22,D-1,R-1,Normal,True
06:46:05,R-8,D-4,Stat,False
06:46:48,R-1,D-4,Normal,True
06:47:31,D-2,R-7,Stat,False
06:48:14,R-5,D-4,Stat,False
06:48:58,D-1,R-8,Normal,True
06:49:41,R-1,R-6,Normal,True
06:50:24,R-4,D-4,Stat,False
06:51:07,D-4,D-1,Normal,True
06:51:50,R-4,R-2,Stat,False
06:52:34,R-2,R-5,Stat,False
06:53:17,R-5,D-1,Stat,False
06:54:00,R-6,R-2,Normal,True
06:54:43,R-7,R-8,Stat,False
06:55:26,R-4,R-3,Stat,False
06:56:10,R-4,R-5,Normal,False
06:56:53,R-1,D-4,Normal,True
06:57:36,R-8,R-4,Stat,False
06:58:19,R-6,R-7,Normal,False
06:59:02,R-4,R-1,Normal,False
06:59:46,R-5,R-1,Stat,False
07:00:29,D-3,R-8,Stat,False
07:01:12,D-1,R-1,Normal,True
07:01:55,R-4,R-5,Stat,False
07:02:38,R-8,R-3,Stat,False
07:03:22,R-4,R-1,Normal,False
07:04:05,R-1,D-4,Normal,True
07:04:48,R-2,R-1,Stat,False
07:05:31,R-8,R-7,Stat,False
07:06:14,R-2,D-4,Stat,False
07:06:58,R-4,D-4,Stat,False
07:07:41,D-4,D-1,Normal,True
07:08:24,R-4,R-5,Normal,False
07:09:07,D-4,D-1,Normal,False
07:09:50,R-3,D-3,Stat,False
07:10:34,R-6,R-1,Normal,True
07:11:17,R-3,D-3,Stat,False
07:12:00,D-3,D-1,Normal,False
07:12:43,R-8,D-4,Stat,False
07:13:26,R-2,R-1,Stat,False
07:14:10,R-2,D-2,Normal,True
07:14:53,R-5,R-8,Stat,False
07:15:36,R-7,R-1,Normal,False
07:16:19,D-1,R-2,Normal,False
07:17:02,R-8,R-4,Stat,False
07:17:46,R-8,D-2,Stat,False
07:18:29,D-1,R-5,Stat,False
07:19:12,D-1,R-2,Normal,False
07:19:55,R-6,D-1,Normal,True
07:20:38,D-3,R-8,Stat,False
07:21:22,D-1,R-5,Stat,False
07:22:05,R-8,R-7,Normal,True
07:22:48,D-4,D-1,Normal,False
07:23:31,D-3,R-1,Normal,False
07:24:14,R-2,R-8,Normal,False
07:24:58,R-8,R-4,Stat,False
07:25:41,R-8,R-7,Normal,True
07:26:24,R-4,R-5,Normal,False
07:27:07,D-4,R-1,Normal,True
07:27:50,R-8,D-4,Stat,False
07:28:34,R-4,R-2,Stat,False
07:29:17,R-6,R-1,Normal,True
07:30:00,R-4,R-2,Normal,True
07:30:43,R-5,D-1,Stat,False
07:31:26,R-2,D-2,Normal,True
07:32:10,R-6,R-3,Normal,True
07:32:53,R-4,R-3,Stat,False
07:33:36,R-6,R-3,Normal,True
07:34:19,D-3,R-1,Normal,False
07:35:02,R-4,R-3,Stat,False
07:35:46,R-2,D-2,Normal,True
07:36:29,D-1,R-1,Normal,True
07:37:12,D-3,R-8,Normal,True
07:37:55,R-6,R-3,Normal,True
07:38:38,R-4,R-3,Stat,False
07:39:22,R-2,D-2,Normal,True
07:40:05,R-4,R-5,Normal,False
07:40:48,D-2,R-7,Stat,False
07:41:31,R-7,R-1,Normal,False
07:42:14,R-6,R-2,Normal,True
07:42:58,R-7,R-8,Stat,False
07:43:41,R-8,D-4,Stat,False
07:44:24,R-8,D-4,Stat,False
07:45:07,D-4,D-1,Normal,True
07:45:50,D-1,R-5,Stat,False
07:46:34,R-4,D-4,Stat,False
07:47:17,R-3,D-3,Stat,False
07:48:00,R-5,D-1,Stat,False
07:48:43,D-3,R-8,Normal,True
07:49:26,R-6,R-1,Normal,True
07:50:10,R-2,D-4,Stat,False
07:50:53,R-4,R-2,Stat,False
07:51:36,R-1,R-4,Stat,False
07:52:19,R-7,R-1,Normal,False
07:53:02,R-7,R-1,Normal,False
07:53:46,R-7,R-8,Stat,False
07:54:29,R-2,R-5,Stat,False
07:55:12,D-3,R-8,Normal,False
07:55:55,D-3,R-8,Normal,False
07:56:38,R-8,R-3,Stat,False
07:57:22,R-8,D-2,Stat,False
07:58:05,D-3,R-1,Normal,False
07:58:48,R-4,R-2,Stat,False
07:59:31,R-2,D-2,Normal,True
08:00:14,R-5,D-4,Normal,False
08:00:58,R-8,R-7,Stat,False
08:01:41,R-4,R-5,Normal,False
08:02:24,R-2,D-2,Normal,True
08:03:07,R-4,R-2,Stat,False
08:03:50,D-4,D-1,Normal,False
08:04:34,R-8,R-7,Stat,False
08:05:17,R-6,R-1,Normal,True
08:06:00,R-2,R-1,Stat,False
08:06:43,R-4,R-5,Normal,False
08:07:26,R-2,R-8,Normal,False
08:08:10,D-1,R-8,Normal,True
08:08:53,D-1,R-5,Stat,False
08:09:36,R-4,R-1,Normal,False
08:10:19,R-5,R-8,Stat,False
08:11:02,R-8,R-3,Stat,False
08:11:46,D-3,R-8,Stat,False
08:12:29,R-4,R-2,Stat,False
08:13:12,R-7,R-8,Stat,False
08:13:55,D-1,R-1,Normal,True
08:14:38,D-2,D-1,Normal,False
08:15:22,R-4,R-2,Stat,False
08:16:05,D-3,R-8,Stat,False
08:16:48,R-2,D-4,Stat,False
08:17:31,R-2,R-1,Stat,False
08:18:14,R-1,R-4,Stat,False
08:18:58,D-3,R-8,Normal,True
08:19:41,R-4,R-2,Stat,False
08:20:24,R-7,R-8,Stat,False
08:21:07,R-4,R-2,Normal,True
08:21:50,R-4,D-2,Stat,False
08:22:34,R-4,R-3,Normal,True
08:23:17,D-3,R-8,Stat,False
08:24:00,R-4,R-2,Normal,True
08:24:43,R-4,R-5,Stat,False
08:25:26,R-7,R-8,Stat,False
08:26:10,R-8,D-3,Stat,False
08:26:53,D-4,D-1,Normal,False
08:27:36,R-6,R-1,Normal,True
08:28:19,R-6,R-7,Normal,False
08:29:02,R-6,R-3,Normal,True
08:29:46,R-4,R-6,Normal,True
08:30:29,R-4,R-3,Stat,False
08:31:12,R-4,D-2,Stat,False
08:31:55,R-6,D-1,Normal,True
08:32:38,D-4,R-1,Normal,True
08:33:22,R-8,D-4,Stat,False
08:34:05,R-7,R-4,Normal,True
08:34:48,R-2,R-5,Stat,False
08:35:31,R-8,D-4,Stat,False
08:36:14,R-5,D-4,Stat,False
08:36:58,R-2,R-5,Stat,False
08:37:41,R-5,R-4,Normal,True
08:38:24,R-6,R-2,Normal,True
08:39:07,D-3,R-8,Normal,False
08:39:50,R-6,R-7,Normal,False
08:40:34,D-1,R-5,Stat,False
08:41:17,R-1,R-4,Stat,False
08:42:00,R-4,R-1,Normal,False
08:42:43,R-2,D-2,Normal,True
08:43:26,R-2,R-3,Stat,False
08:44:10,R-4,D-4,Stat,False
08:44:53,D-3,R-8,Normal,True
08:45:36,D-3,R-8,Stat,False
08:46:19,R-4,R-3,Stat,False
08:47:02,R-4,R-5,Stat,False
08:47:46,R-7,R-8,Stat,False
08:48:29,R-4,R-5,Stat,False
08:49:12,R-6,R-1,Normal,True
08:49:55,R-1,D-4,Normal,True
08:50:38,R-3,D-3,Stat,False
08:51:22,D-4,D-1,Normal,False
08:52:05,R-8,R-7,Stat,False
08:52:48,R-6,R-1,Normal,True
08:53:31,R-6,R-1,Normal,True
08:54:14,R-7,R-1,Normal,False
08:54:58,D-1,R-2,Normal,False
08:55:41,D-1,R-2,Normal,False
08:56:24,R-1,R-7,Stat,False
08:57:07,R-2,D-4,Stat,False
08:57:50,R-5,R-3,Normal,False
08:58:34,D-4,D-1,Normal,False
08:59:17,R-7,D-3,Normal,True
09:00:00,R-4,R-1,Normal,False
09:00:43,R-2,D-4,Stat,False
09:01:26,R-1,R-7,Stat,False
09:02:10,R-4,D-4,Stat,False
09:02:53,R-5,D-1,Stat,False
09:03:36,R-7,R-1,Normal,False
09:04:19,R-4,D-4,Stat,False
09:05:02,R-2,D-2,Normal,True
09:05:46,D-1,R-2,Normal,False
09:06:29,D-4,R-1,Normal,True
09:07:12,R-5,D-1,Stat,False
09:07:55,R-1,R-4,Stat,False
09:08:38,D-3,R-8,Stat,False
09:09:22,R-2,D-2,Normal,True
09:10:05,R-5,R-8,Stat,False
09:10:48,R-7,R-4,Normal,True
09:11:31,R-4,R-5,Normal,False
09:12:14,R-6,R-1,Normal,True
09:12:58,D-3,R-8,Stat,False
09:13:41,R-5,R-4,Normal,True
09:14:24,R-5,D-4,Normal,False
09:15:07,D-3,R-3,Normal,False
09:15:50,R-2,R-8,Normal,False
09:16:34,R-4,R-2,Stat,False
09:17:17,R-2,R-1,Stat,False
09:18:00,R-4,R-2,Normal,True
09:18:43,R-4,R-3,Stat,False
09:19:26,R-6,R-3,Normal,True
09:20:10,D-3,D-1,Normal,False
09:20:53,R-5,R-1,Stat,False
09:21:36,D-4,D-1,Normal,False
09:22:19,R-1,D-4,Normal,True
09:23:02,R-4,D-4,Stat,False
09:23:46,D-3,R-1,Normal,False
09:24:29,R-6,R-2,Normal,True
09:25:12,R-4,R-5,Normal,False
09:25:55,R-6,R-1,Normal,True
09:26:38,R-6,R-2,Normal,True
09:27:22,R-7,R-4,Normal,True
09:28:05,R-4,R-3,Normal,True
09:28:48,R-5,D-4,Stat,False
09:29:31,R-4,R-1,Normal,False
09:30:14,R-4,R-3,Normal,True
09:30:58,R-8,R-4,Stat,False
09:31:41,D-1,R-1,Normal,True
09:32:24,R-8,D-4,Stat,False
09:33:07,R-5,R-3,Normal,False
09:33:50,R-4,R-6,Normal,True
09:34:34,R-1,R-7,Stat,False
09:35:17,R-6,R-3,Normal,True
09:36:00,R-1,R-6,Normal,True
09:36:43,R-4,R-1,Normal,False
09:37:26,D-4,D-1,Normal,True
09:38:10,D-1,R-2,Normal,False
09:38:53,R-7,R-3,Stat,False
09:39:36,D-3,R-1,Normal,False
09:40:19,R-5,R-3,Normal,False
09:41:02,D-1,R-5,Stat,False
09:41:46,R-1,R-6,Normal,True
09:42:29,R-2,R-1,Stat,False
09:43:12,R-4,R-1,Normal,False
09:43:55,R-4,R-3,Stat,False
09:44:38,D-4,D-1,Normal,False
09:45:22,R-7,R-3,Stat,False
09:46:05,R-4,R-3,Stat,False
09:46:48,D-1,R-2,Normal,False
09:47:31,R-5,R-1,Stat,False
09:48:14,R-4,R-2,Normal,True
09:48:58,R-7,R-3,Stat,False
09:49:41,R-4,R-3,Stat,False
09:50:24,R-1,R-6,Normal,True
09:51:07,D-3,D-1,Normal,False
09:51:50,R-4,R-5,Normal,False
09:52:34,D-3,R-8,Stat,False
09:53:17,D-1,R-2,Normal,False
09:54:00,R-7,R-1,Normal,False
09:54:43,R-2,D-2,Normal,True
09:55:26,R-6,R-7,Normal,False
09:56:10,R-4,R-1,Normal,False
09:56:53,D-1,R-2,Normal,False
09:57:36,R-6,D-1,Normal,True
09:58:19,R-4,R-2,Normal,True
09:59:02,R-8,D-2,Stat,False
09:59:46,R-2,D-2,Normal,True
10:00:29,R-6,R-3,Normal,True
10:01:12,R-6,R-1,Normal,True
10:01:55,D-1,R-1,Normal,True
10:02:38,R-4,R-6,Normal,True
10:03:22,R-2,R-5,Stat,False
10:04:05,R-8,D-4,Stat,False
10:04:48,R-5,D-1,Stat,False
10:05:31,R-3,D-3,Stat,False
10:06:14,R-2,D-2,Normal,True
10:06:58,R-6,D-1,Normal,True
10:07:41,R-2,D-2,Normal,True
10:08:24,R-6,R-1,Normal,True
10:09:07,R-4,D-4,Stat,False
10:09:50,D-3,R-8,Normal,False
10:10:34,R-8,D-3,Stat,False
10:11:17,R-2,D-2,Normal,True
10:12:00,D-1,R-2,Normal,False
10:12:43,R-2,D-2,Normal,True
10:13:26,R-4,R-3,Stat,False
10:14:10,R-4,R-6,Normal,True
10:14:53,D-2,R-7,Stat,False
10:15:36,R-1,D-4,Normal,True
10:16:19,R-8,R-3,Stat,False
10:17:02,R-2,D-4,Stat,False
10:17:46,D-2,R-7,Stat,False
10:18:29,R-6,R-3,Normal,True
10:19:12,D-4,R-1,Normal,True
10:19:55,R-8,R-3,Stat,False
10:20:38,R-2,D-4,Stat,False
10:21:22,R-1,D-4,Normal,True
10:22:05,R-5,R-4,Normal,True
10:22:48,R-5,D-1,Stat,False
10:23:31,R-6,R-2,Normal,True
10:24:14,R-4,R-5,Normal,False
10:24:58,R-6,R-3,Normal,True
10:25:41,R-5,D-4,Stat,False
10:26:24,R-7,D-3,Normal,True
10:27:07,R-4,R-2,Stat,False
10:27:50,D-3,R-8,Normal,True
10:28:34,R-7,R-8,Stat,False
10:29:17,R-4,R-6,Normal,True
10:30:00,D-2,R-7,Stat,False
10:30:43,R-1,R-4,Stat,False
10:31:26,R-4,R-5,Normal,False
10:32:10,D-2,R-7,Stat,False
10:32:53,R-4,R-2,Stat,False
10:33:36,R-5,R-4,Normal,True
10:34:19,R-5,R-8,Stat,False
10:35:02,R-4,R-3,Normal,True
10:35:46,R-8,R-3,Stat,False
10:36:29,R-2,D-4,Stat,False
10:37:12,R-2,D-4,Stat,False
10:37:55,D-3,R-8,Stat,False
10:38:38,D-3,R-8,Normal,True
10:39:22,R-8,R-3,Stat,False
10:40:05,D-4,D-1,Normal,True
10:40:48,D-3,R-3,Normal,False
10:41:31,R-5,R-1,Stat,False
10:42:14,R-6,R-3,Normal,True
10:42:58,R-4,D-4,Stat,False
10:43:41,D-1,R-2,Normal,False
10:44:24,R-6,R-1,Normal,True
10:45:07,R-4,R-2,Stat,False
10:45:50,D-1,R-8,Normal,True
10:46:34,R-2,R-8,Normal,False
10:47:17,R-5,D-4,Stat,False
10:48:00,D-1,R-2,Normal,False
10:48:43,R-7,R-3,Stat,False
10:49:26,D-3,R-8,Normal,True
10:50:10,R-5,R-4,Normal,True
10:50:53,R-4,R-5,Normal,False
10:51:36,D-3,D-1,Normal,False
10:52:19,D-1,R-2,Normal,False
10:53:02,R-7,D-3,Normal,True
10:53:46,R-5,R-3,Normal,False
10:54:29,R-2,D-2,Normal,True
10:55:12,D-2,R-7,Stat,False
10:55:55,R-4,R-1,Normal,False
10:56:38,R-2,R-3,Stat,False
10:57:22,R-5,R-1,Stat,False
10:58:05,R-6,R-1,Normal,True
10:58:48,R-2,R-1,Stat,False
10:59:31,D-1,R-8,Normal,True
11:00:14,R-8,R-7,Stat,False
11:00:58,R-2,D-4,Stat,False
11:01:41,R-8,R-7,Normal,True
11:02:24,D-4,R-1,Normal,True
11:03:07,R-2,R-1,Stat,False
11:03:50,D-1,R-1,Normal,True
11:04:34,R-8,R-7,Normal,True
11:05:17,R-2,D-4,Stat,False
11:06:00,R-4,R-1,Normal,False
11:06:43,R-4,R-6,Normal,True
11:07:26,R-8,R-7,Stat,False
11:08:10,R-4,R-2,Stat,False
11:08:53,R-3,D-3,Stat,False
11:09:36,R-5,R-3,Normal,False
11:10:19,D-3,R-8,Normal,True
11:11:02,D-4,R-1,Normal,True
11:11:46,D-3,R-8,Stat,False
11:12:29,R-2,R-3,Stat,False
11:13:12,R-1,R-6,Normal,True
11:13:55,D-1,R-1,Normal,True
11:14:38,R-2,R-5,Stat,False
11:15:22,R-6,R-3,Normal,True
11:16:05,R-4,R-3,Normal,True
11:16:48,R-8,D-3,Stat,False
11:17:31,D-1,R-5,Stat,False
11:18:14,R-8,D-4,Stat,False
11:18:58,D-3,R-8,Normal,True
11:19:41,R-4,R-5,Stat,False
11:20:24,R-2,D-2,Normal,True
11:21:07,R-8,R-7,Normal,True
11:21:50,R-1,R-7,Stat,False
11:22:34,R-2,R-5,Stat,False
11:23:17,R-8,D-2,Normal,False
11:24:00,D-3,R-8,Normal,True
11:24:43,R-6,R-1,Normal,True
11:25:26,R-1,D-4,Normal,True
11:26:10,R-4,R-1,Normal,False
11:26:53,D-2,R-7,Stat,False
11:27:36,D-1,R-1,Normal,True
11:28:19,D-4,D-1,Normal,False
11:29:02,D-3,R-8,Stat,False
11:29:46,R-4,D-2,Stat,False
11:30:29,R-4,R-1,Normal,False
11:31:12,R-8,D-2,Normal,False
11:31:55,R-4,R-1,Normal,False
11:32:38,D-3,R-3,Normal,False
11:33:22,D-1,R-1,Normal,True
11:34:05,R-4,R-2,Stat,False
11:34:48,R-4,R-1,Normal,False
11:35:31,R-8,D-2,Normal,False
11:36:14,R-2,R-1,Stat,False
11:36:58,R-5,D-4,Stat,False
11:37:41,R-2,D-2,Normal,True
11:38:24,R-7,R-8,Stat,False
11:39:07,D-1,R-2,Normal,False
11:39:50,R-8,D-2,Stat,False
11:40:34,R-4,R-3,Stat,False
11:41:17,D-2,R-7,Stat,False
11:42:00,R-4,R-1,Normal,False
11:42:43,R-5,R-8,Stat,False
11:43:26,R-4,R-3,Stat,False
11:44:10,R-4,R-2,Stat,False
11:44:53,R-4,R-1,Normal,False
11:45:36,R-5,D-4,Normal,False
11:46:19,R-6,R-7,Normal,False
11:47:02,R-2,R-1,Stat,False
11:47:46,R-4,R-2,Stat,False
11:48:29,R-5,D-1,Stat,False
11:49:12,R-6,R-3,Normal,True
11:49:55,R-2,D-2,Normal,True
11:50:38,D-1,R-1,Normal,True
11:51:22,R-7,R-1,Normal,False
11:52:05,R-2,R-1,Stat,False
11:52:48,R-1,R-4,Stat,False
11:53:31,D-2,R-7,Stat,False
11:54:14,R-2,D-4,Stat,False
11:54:58,D-4,D-1,Normal,False
11:55:41,R-8,D-2,Stat,False
11:56:24,R-6,R-2,Normal,True
11:57:07,D-1,R-5,Stat,False
11:57:50,R-2,D-4,Stat,False
11:58:34,R-8,D-2,Stat,False
11:59:17,D-3,R-1,Normal,False
12:00:00,R-8,D-3,Stat,False
12:00:43,R-1,R-4,Stat,False
12:01:26,R-8,R-4,Stat,False
12:02:10,D-4,R-1,Normal,True
12:02:53,D-3,R-8,Normal,False
12:03:36,R-4,R-5,Stat,False
12:04:19,D-1,R-2,Normal,False
12:05:02,R-8,R-7,Normal,True
12:05:46,D-3,R-8,Normal,False
12:06:29,R-2,D-2,Normal,True
12:07:12,R-1,R-4,Stat,False
12:07:55,D-1,R-5,Stat,False
12:08:38,R-1,R-6,Normal,True
12:09:22,R-8,D-2,Stat,False
12:10:05,D-1,R-8,Normal,True
12:10:48,R-4,R-2,Stat,False
12:11:31,R-5,R-4,Normal,True
12:12:14,D-3,D-1,Normal,False
12:12:58,R-8,R-7,Normal,True
12:13:41,R-4,R-2,Normal,True
12:14:24,R-2,D-4,Stat,False
12:15:07,D-2,D-1,Normal,False
12:15:50,R-8,D-3,Stat,False
12:16:34,R-8,D-3,Stat,False
12:17:17,R-1,D-4,Normal,True
12:18:00,R-6,R-1,Normal,True
12:18:43,R-5,D-4,Normal,False
12:19:26,R-5,D-4,Normal,False
12:20:10,R-2,D-4,Stat,False
12:20:53,D-2,R-7,Stat,False
12:21:36,R-7,R-3,Stat,False
12:22:19,R-4,R-3,Normal,True
12:23:02,R-2,R-1,Stat,False
12:23:46,R-4,R-2,Stat,False
12:24:29,D-4,D-1,Normal,True
12:25:12,D-3,R-3,Normal,False
12:25:55,R-5,R-1,Stat,False
12:26:38,R-4,R-3,Normal,True
12:27:22,D-3,R-8,Normal,False
12:28:05,R-2,R-8,Normal,False
12:28:48,D-3,R-3,Normal,False
12:29:31,R-4,R-5,Normal,False
12:30:14,D-3,D-1,Normal,False
12:30:58,R-6,R-3,Normal,True
12:31:41,R-5,R-3,Normal,False
12:32:24,R-3,D-3,Stat,False
12:33:07,R-7,R-4,Normal,True
12:33:50,R-1,R-7,Stat,False
12:34:34,R-4,R-3,Stat,False
12:35:17,R-4,R-5,Stat,False
12:36:00,R-4,R-2,Normal,True
12:36:43,R-5,R-3,Normal,False
12:37:26,R-4,R-1,Normal,False
12:38:10,R-5,D-1,Stat,False
12:38:53,R-2,R-5,Stat,False
12:39:36,D-4,D-1,Normal,False
12:40:19,R-7,R-1,Normal,False
12:41:02,D-3,R-8,Stat,False
12:41:46,R-7,R-6,Normal,False
12:42:29,D-2,R-7,Stat,False
12:43:12,D-3,D-1,Normal,False
12:43:55,R-6,R-1,Normal,True
12:44:38,R-6,R-7,Normal,False
12:45:22,R-2,D-2,Normal,True
12:46:05,R-2,R-3,Stat,False
12:46:48,R-6,R-3,Normal,True
12:47:31,D-1,R-5,Stat,False
12:48:14,R-8,D-4,Stat,False
12:48:58,D-3,D-1,Normal,False
12:49:41,R-2,R-5,Stat,False
12:50:24,R-8,R-3,Stat,False
12:51:07,D-4,R-1,Normal,True
12:51:50,R-7,D-3,Normal,True
12:52:34,R-4,D-4,Stat,False
12:53:17,R-4,R-1,Normal,False
12:54:00,R-2,R-8,Normal,False
12:54:43,R-3,D-3,Stat,False
12:55:26,R-8,D-2,Normal,False
12:56:10,R-6,R-2,Normal,True
12:56:53,R-5,R-8,Stat,False
12:57:36,R-8,D-4,Stat,False
12:58:19,D-3,R-8,Stat,False
12:59:02,D-1,R-2,Normal,False
12:59:46,D-1,R-8,Normal,True
13:00:29,R-4,R-3,Stat,False
13:01:12,R-4,R-3,Normal,True
13:01:55,R-8,R-7,Normal,True
13:02:38,R-8,R-4,Stat,False
13:03:22,R-2,D-2,Normal,True
13:04:05,R-3,D-3,Stat,False
13:04:48,R-2,D-4,Stat,False
13:05:31,D-3,R-8,Stat,False
13:06:14,D-2,R-7,Stat,False
13:06:58,R-8,R-7,Stat,False
13:07:41,R-5,R-1,Stat,False
13:08:24,R-4,R-1,Normal,False
13:09:07,R-5,R-1,Stat,False
13:09:50,R-2,D-4,Stat,False
13:10:34,R-4,R-5,Stat,False
13:11:17,R-6,D-1,Normal,True
13:12:00,R-8,R-7,Normal,True
13:12:43,R-2,D-4,Stat,False
13:13:26,R-1,R-7,Stat,False
13:14:10,D-4,D-1,Normal,False
13:14:53,D-4,D-1,Normal,True
13:15:36,R-7,R-8,Stat,False
13:16:19,R-1,D-4,Normal,True
13:17:02,R-2,D-4,Stat,False
13:17:46,D-3,R-3,Normal,False
13:18:29,D-1,R-2,Normal,False
13:19:12,D-3,R-8,Stat,False
13:19:55,R-5,D-1,Stat,False
13:20:38,R-4,R-1,Normal,False
13:21:22,R-8,D-4,Stat,False
13:22:05,R-2,R-1,Stat,False
13:22:48,R-4,R-2,Stat,False
13:23:31,D-3,R-8,Normal,True
13:24:14,R-2,D-2,Normal,True
13:24:58,R-2,R-5,Stat,False
13:25:41,R-6,D-1,Normal,True
13:26:24,R-1,R-6,Normal,True
13:27:07,D-4,D-1,Normal,False
13:27:50,R-7,R-4,Normal,True
13:28:34,R-2,D-2,Normal,True
13:29:17,R-2,R-8,Normal,False
13:30:00,R-5,D-4,Normal,False
13:30:43,R-7,R-4,Normal,True
13:31:26,R-4,R-5,Stat,False
13:32:10,R-4,R-1,Normal,False
13:32:53,R-4,R-2,Stat,False
13:33:36,R-8,D-4,Stat,False
13:34:19,D-4,R-1,Normal,True
13:35:02,R-2,D-4,Stat,False
13:35:46,R-4,R-2,Stat,False
13:36:29,R-2,R-8,Normal,False
13:37:12,D-1,R-2,Normal,False
13:37:55,R-1,R-4,Stat,False
13:38:38,R-8,R-7,Stat,False
13:39:22,R-6,R-1,Normal,True
13:40:05,D-1,R-2,Normal,False
13:40:48,R-2,R-5,Stat,False
13:41:31,R-2,R-8,Normal,False
13:42:14,R-4,R-6,Normal,True
13:42:58,R-4,R-5,Stat,False
13:43:41,D-3,R-8,Stat,False
13:44:24,D-3,R-8,Stat,False
13:45:07,R-4,R-2,Stat,False
13:45:50,R-8,D-2,Stat,False
13:46:34,R-6,R-2,Normal,True
13:47:17,R-4,R-2,Stat,False
13:48:00,R-8,D-2,Normal,False
13:48:43,R-8,D-4,Stat,False
13:49:26,R-6,R-1,Normal,True
13:50:10,D-3,R-8,Stat,False
13:50:53,R-8,D-3,Stat,False
13:51:36,R-4,R-2,Normal,True
13:52:19,R-8,D-3,Stat,False
13:53:02,R-5,R-3,Normal,False
13:53:46,D-2,D-1,Normal,False
13:54:29,D-1,R-2,Normal,False
13:55:12,R-4,R-5,Stat,False
13:55:55,R-6,D-1,Normal,True
13:56:38,R-6,R-7,Normal,False
13:57:22,R-4,R-5,Stat,False
13:58:05,R-8,D-4,Stat,False
13:58:48,R-4,R-2,Normal,True
13:59:31,R-7,D-3,Normal,True
14:00:14,R-1,R-7,Stat,False
14:00:58,R-7,R-3,Stat,False
14:01:41,R-5,R-8,Stat,False
14:02:24,D-4,D-1,Normal,False
14:03:07,D-3,D-1,Normal,False
14:03:50,D-3,R-8,Normal,True
14:04:34,R-4,R-1,Normal,False
14:05:17,R-2,D-4,Stat,False
14:06:00,R-6,D-1,Normal,True
14:06:43,R-4,R-6,Normal,True
14:07:26,R-7,R-1,Normal,False
14:08:10,R-2,R-5,Stat,False
14:08:53,R-5,D-4,Stat,False
14:09:36,R-1,D-4,Normal,True
14:10:19,R-4,R-2,Stat,False
14:11:02,R-2,D-2,Normal,True
14:11:46,R-5,D-1,Stat,False
14:12:29,R-2,D-4,Stat,False
14:13:12,R-2,D-2,Normal,True
14:13:55,D-1,R-5,Stat,False
14:14:38,R-4,R-3,Stat,False
14:15:22,R-5,D-4,Stat,False
14:16:05,R-5,D-4,Stat,False
14:16:48,R-6,R-7,Normal,False
14:17:31,R-8,D-2,Stat,False
14:18:14,R-6,D-1,Normal,True
14:18:58,D-1,R-8,Normal,True
14:19:41,D-2,R-7,Stat,False
14:20:24,D-1,R-2,Normal,False
14:21:07,D-1,R-2,Normal,False
14:21:50,D-4,R-1,Normal,True
14:22:34,R-4,R-2,Stat,False
14:23:17,R-7,R-8,Stat,False
14:24:00,R-6,R-2,Normal,True
14:24:43,R-4,R-3,Stat,False
14:25:26,R-2,R-5,Stat,False
14:26:10,R-4,R-5,Normal,False
14:26:53,R-8,R-4,Stat,False
14:27:36,R-4,R-1,Normal,False
14:28:19,D-4,D-1,Normal,False
14:29:02,R-5,R-8,Stat,False
14:29:46,R-4,R-2,Normal,True
14:30:29,R-4,R-3,Stat,False
14:31:12,R-5,R-4,Normal,True
14:31:55,R-6,R-7,Normal,False
14:32:38,D-1,R-2,Normal,False
14:33:22,D-3,D-1,Normal,False
14:34:05,R-2,R-5,Stat,False
14:34:48,D-2,D-1,Normal,False
14:35:31,R-8,R-4,Stat,False
14:36:14,R-3,D-3,Stat,False
14:36:58,R-4,R-6,Normal,True
14:37:41,R-4,R-1,Normal,False
14:38:24,R-5,R-4,Normal,True
14:39:07,R-2,R-8,Normal,False
14:39:50,R-4,R-5,Stat,False
14:40:34,D-3,D-1,Normal,False
14:41:17,R-4,R-2,Stat,False
14:42:00,D-3,R-8,Normal,True
14:42:43,R-6,R-1,Normal,True
14:43:26,R-6,D-1,Normal,True
14:44:10,R-7,R-8,Stat,False
14:44:53,D-1,R-1,Normal,True
14:45:36,D-1,R-8,Normal,True
14:46:19,R-5,R-1,Stat,False
14:47:02,D-1,R-2,Normal,False
14:47:46,R-2,R-5,Stat,False
14:48:29,R-8,D-2,Normal,False
14:49:12,D-3,R-8,Normal,True
14:49:55,R-7,R-1,Normal,False
14:50:38,R-4,R-5,Stat,False
14:51:22,D-1,R-2,Normal,False
14:52:05,D-3,R-3,Normal,False
14:52:48,D-1,R-1,Normal,True
14:53:31,R-8,R-7,Normal,True
14:54:14,D-4,R-1,Normal,True
14:54:58,R-2,R-3,Stat,False
14:55:41,D-4,D-1,Normal,False
14:56:24,R-4,D-4,Stat,False
14:57:07,R-4,R-5,Normal,False
14:57:50,R-4,R-5,Normal,False
14:58:34,R-8,R-7,Normal,True
14:59:17,R-4,R-2,Stat,False
15:00:00,R-4,R-1,Normal,False
15:00:43,R-5,R-3,Normal,False
15:01:26,D-3,R-3,Normal,False
15:02:10,R-4,R-2,Stat,False
15:02:53,R-1,R-6,Normal,True
15:03:36,D-3,R-1,Normal,False
15:04:19,D-1,R-2,Normal,False
15:05:02,R-8,D-4,Stat,False
15:05:46,D-4,D-1,Normal,False
15:06:29,R-8,D-2,Stat,False
15:07:12,R-5,D-4,Stat,False
15:07:55,R-5,R-4,Normal,True
15:08:38,R-4,R-2,Normal,True
15:09:22,R-5,R-1,Stat,False
15:10:05,R-7,R-8,Stat,False
15:10:48,D-3,R-8,Normal,False
15:11:31,D-2,R-7,Stat,False
15:12:14,R-5,R-3,Normal,False
15:12:58,D-3,R-8,Normal,False
15:13:41,R-2,R-5,Stat,False
15:14:24,R-2,D-2,Normal,True
15:15:07,R-5,R-3,Normal,False
15:15:50,R-4,R-1,Normal,False
15:16:34,R-2,R-5,Stat,False
15:17:17,R-4,R-5,Normal,False
15:18:00,R-5,R-1,Stat,False
15:18:43,R-4,R-5,Stat,False
15:19:26,R-6,R-3,Normal,True
15:20:10,D-1,R-2,Normal,False
15:20:53,R-4,R-5,Normal,False
15:21:36,D-2,D-1,Normal,False
15:22:19,R-6,R-7,Normal,False
15:23:02,R-6,R-1,Normal,True
15:23:46,D-3,D-1,Normal,False
15:24:29,R-7,R-3,Stat,False
15:25:12,D-2,D-1,Normal,False
15:25:55,R-4,D-2,Stat,False
15:26:38,D-4,D-1,Normal,True
15:27:22,R-4,R-1,Normal,False
15:28:05,R-5,R-8,Stat,False
15:28:48,D-1,R-2,Normal,False
15:29:31,R-7,R-6,Normal,False
15:30:14,D-3,R-8,Normal,False
15:30:58,R-7,R-8,Stat,False
15:31:41,R-4,R-1,Normal,False
15:32:24,R-4,R-1,Normal,False
15:33:07,R-1,D-4,Normal,True
15:33:50,R-4,D-4,Stat,False
15:34:34,R-5,D-4,Normal,False
15:35:17,R-4,R-1,Normal,False
15:36:00,R-4,R-5,Stat,False
15:36:43,R-4,R-5,Stat,False
15:37:26,D-2,D-1,Normal,False
15:38:10,R-2,R-3,Stat,False
15:38:53,R-5,D-4,Stat,False
15:39:36,R-5,R-8,Stat,False
15:40:19,R-3,D-3,Stat,False
15:41:02,R-2,D-2,Normal,True
15:41:46,D-1,R-1,Normal,True
15:42:29,R-8,R-3,Stat,False
15:43:12,R-6,R-3,Normal,True
15:43:55,R-7,R-3,Stat,False
15:44:38,R-8,D-3,Stat,False
15:45:22,R-4,R-5,Normal,False
15:46:05,R-5,R-8,Stat,False
15:46:48,R-7,R-6,Normal,False
15:47:31,R-7,D-3,Normal,True
15:48:14,R-6,R-1,Normal,True
15:48:58,R-2,D-2,Normal,True
15:49:41,R-6,R-2,Normal,True
15:50:24,R-8,D-2,Stat,False
15:51:07,R-3,D-3,Stat,False
15:51:50,R-4,R-3,Stat,False
15:52:34,R-6,D-1,Normal,True
15:53:17,R-7,D-3,Normal,True
15:54:00,R-4,R-3,Normal,True
15:54:43,R-2,R-8,Normal,False
15:55:26,R-6,D-1,Normal,True
15:56:10,R-5,D-1,Stat,False
15:56:53,R-5,D-4,Stat,False
15:57:36,D-1,R-8,Normal,True
15:58:19,R-8,R-3,Stat,False
15:59:02,R-8,D-4,Stat,False
15:59:46,R-7,R-3,Stat,False
16:00:29,R-4,R-3,Stat,False
16:01:12,R-1,R-6,Normal,True
16:01:55,R-6,R-1,Normal,True
16:02:38,R-4,R-3,Stat,False
16:03:22,R-8,D-2,Normal,False
16:04:05,D-1,R-1,Normal,True
16:04:48,R-4,D-2,Stat,False
16:05:31,R-7,R-3,Stat,False
16:06:14,D-3,D-1,Normal,False
16:06:58,D-4,D-1,Normal,False
16:07:41,R-5,R-4,Normal,True
16:08:24,D-3,R-3,Normal,False
16:09:07,R-5,R-4,Normal,True
16:09:50,R-4,R-3,Stat,False
16:10:34,R-8,D-4,Stat,False
16:11:17,R-2,R-8,Normal,False
16:12:00,D-4,D-1,Normal,False
16:12:43,R-8,D-4,Stat,False
16:13:26,R-6,R-2,Normal,True
16:14:10,R-8,R-4,Stat,False
16:14:53,D-4,D-1,Normal,False
16:15:36,D-3,R-1,Normal,False
16:16:19,R-4,R-2,Normal,True
16:17:02,R-4,R-3,Stat,False
16:17:46,R-4,R-2,Stat,False
16:18:29,D-2,R-7,Stat,False
16:19:12,R-2,D-4,Stat,False
16:19:55,D-3,R-8,Normal,True
16:20:38,R-8,D-3,Stat,False
16:21:22,D-2,R-7,Stat,False
16:22:05,R-5,R-1,Stat,False
16:22:48,R-1,D-4,Normal,True
16:23:31,R-4,D-4,Stat,False
16:24:14,R-8,D-2,Stat,False
16:24:58,R-2,D-2,Normal,True
16:25:41,R-7,R-6,Normal,False
16:26:24,D-3,R-8,Stat,False
16:27:07,D-1,R-8,Normal,True
16:27:50,D-2,R-7,Stat,False
16:28:34,R-7,R-1,Normal,False
16:29:17,R-5,D-4,Stat,False
16:30:00,R-6,D-1,Normal,True
16:30:43,R-4,R-6,Normal,True
16:31:26,D-2,R-7,Stat,False
16:32:10,D-2,R-7,Stat,False
16:32:53,R-8,D-2,Stat,False
16:33:36,R-4,R-3,Normal,True
16:34:19,R-4,R-2,Stat,False
16:35:02,D-4,D-1,Normal,False
16:35:46,R-8,R-3,Stat,False
16:36:29,D-3,R-8,Normal,False
16:37:12,R-7,R-8,Stat,False
16:37:55,R-8,R-7,Stat,False
16:38:38,R-4,R-2,Stat,False
16:39:22,R-4,R-5,Stat,False
16:40:05,R-4,D-4,Stat,False
16:40:48,R-5,D-4,Normal,False
16:41:31,D-4,R-1,Normal,True
16:42:14,D-4,D-1,Normal,True
16:42:58,D-4,D-1,Normal,False
16:43:41,R-2,R-1,Stat,False
16:44:24,R-7,R-6,Normal,False
16:45:07,R-6,R-3,Normal,True
16:45:50,R-4,R-6,Normal,True
16:46:34,D-1,R-5,Stat,False
16:47:17,R-4,R-2,Stat,False
16:48:00,R-1,R-6,Normal,True
16:48:43,R-4,R-3,Stat,False
16:49:26,R-2,R-5,Stat,False
16:50:10,R-1,R-7,Stat,False
16:50:53,R-2,R-8,Normal,False
16:51:36,R-6,R-7,Normal,False
16:52:19,R-4,R-6,Normal,True
16:53:02,R-8,R-3,Stat,False
16:53:46,D-1,R-2,Normal,False
16:54:29,R-7,R-3,Stat,False
16:55:12,D-1,R-8,Normal,True
16:55:55,R-8,D-4,Stat,False
16:56:38,R-3,D-3,Stat,False
16:57:22,R-1,R-4,Stat,False
16:58:05,R-8,R-3,Stat,False
16:58:48,D-1,R-8,Normal,True
16:59:31,D-3,R-1,Normal,False
17:00:14,R-8,D-2,Normal,False
17:00:58,D-4,D-1,Normal,False
17:01:41,R-4,R-3,Stat,False
17:02:24,R-7,R-4,Normal,True
17:03:07,R-3,D-3,Stat,False
17:03:50,R-1,R-7,Stat,False
17:04:34,R-7,R-3,Stat,False
17:05:17,D-4,D-1,Normal,False
17:06:00,D-3,R-3,Normal,False
17:06:43,D-1,R-8,Normal,True
17:07:26,R-4,R-6,Normal,True
17:08:10,R-2,R-5,Stat,False
17:08:53,R-8,D-2,Normal,False
17:09:36,R-8,D-4,Stat,False
17:10:19,R-5,R-3,Normal,False
17:11:02,R-6,R-3,Normal,True
17:11:46,D-2,D-1,Normal,False
17:12:29,R-7,R-3,Stat,False
17:13:12,D-1,R-1,Normal,True
17:13:55,R-4,R-3,Normal,True
17:14:38,D-1,R-2,Normal,False
17:15:22,R-5,R-1,Stat,False
17:16:05,R-4,R-3,Stat,False
17:16:48,D-1,R-2,Normal,False
17:17:31,R-8,R-7,Stat,False
17:18:14,R-6,R-7,Normal,False
17:18:58,R-4,R-3,Stat,False
17:19:41,R-6,R-3,Normal,True
17:20:24,R-8,D-2,Stat,False
17:21:07,R-5,R-1,Stat,False
17:21:50,R-5,R-8,Stat,False
17:22:34,R-1,D-4,Normal,True
17:23:17,R-2,R-3,Stat,False
17:24:00,R-1,R-4,Stat,False
17:24:43,R-5,R-1,Stat,False
17:25:26,R-2,D-2,Normal,True
17:26:10,R-2,R-3,Stat,False
17:26:53,R-8,D-4,Stat,False
17:27:36,D-1,R-8,Normal,True
17:28:19,R-8,D-2,Stat,False
17:29:02,R-8,R-7,Normal,True
17:29:46,D-3,R-3,Normal,False
17:30:29,R-1,D-4,Normal,True
17:31:12,R-4,R-1,Normal,False
17:31:55,R-8,D-2,Stat,False
17:32:38,R-4,R-3,Normal,True
17:33:22,R-1,D-4,Normal,True
17:34:05,R-4,R-3,Stat,False
17:34:48,R-1,D-4,Normal,True
17:35:31,D-3,R-8,Stat,False
17:36:14,D-4,D-1,Normal,False
17:36:58,R-5,D-1,Stat,False
17:37:41,R-6,R-3,Normal,True
17:38:24,D-1,R-8,Normal,True
17:39:07,R-4,R-6,Normal,True
17:39:50,R-7,R-4,Normal,True
17:40:34,R-4,R-1,Normal,False
17:41:17,R-4,R-2,Stat,False
17:42:00,D-3,R-8,Normal,False
17:42:43,R-4,D-4,Stat,False
17:43:26,R-5,R-3,Normal,False
17:44:10,R-4,D-4,Stat,False
17:44:53,R-8,D-2,Stat,False
17:45:36,R-2,R-3,Stat,False
17:46:19,R-1,R-4,Stat,False
17:47:02,D-1,R-2,Normal,False
17:47:46,D-3,R-1,Normal,False
17:48:29,D-1,R-2,Normal,False
17:49:12,D-1,R-2,Normal,False
17:49:55,R-8,D-3,Stat,False
17:50:38,R-7,R-1,Normal,False
17:51:22,R-4,D-4,Stat,False
17:52:05,R-7,R-6,Normal,False
17:52:48,D-4,D-1,Normal,False
17:53:31,D-3,R-8,Stat,False
17:54:14,D-4,D-1,Normal,False
17:54:58,R-2,R-3,Stat,False
17:55:41,R-7,R-3,Stat,False
17:56:24,R-4,R-2,Normal,True
17:57:07,R-2,R-8,Normal,False
17:57:50,R-2,R-8,Normal,False
17:58:34,R-5,D-4,Stat,False
17:59:17,R-2,R-5,Stat,False
18:00:00,R-5,R-8,Stat,False
18:00:43,R-5,D-4,Normal,False
18:01:26,R-2,D-4,Stat,False
18:02:10,R-5,R-8,Stat,False
18:02:53,R-1,R-4,Stat,False
18:03:36,R-3,D-3,Stat,False
18:04:19,R-2,D-4,Stat,False
18:05:02,R-8,D-2,Stat,False
18:05:46,R-2,D-2,Normal,True
18:06:29,R-7,R-4,Normal,True
18:07:12,R-6,R-1,Normal,True
18:07:55,R-6,R-7,Normal,False
18:08:38,D-4,D-1,Normal,False
18:09:22,D-3,D-1,Normal,False
18:10:05,R-7,R-8,Stat,False
18:10:48,R-4,R-5,Stat,False
18:11:31,D-4,D-1,Normal,False
18:12:14,R-4,D-2,Stat,False
18:12:58,R-1,R-6,Normal,True
18:13:41,R-4,R-2,Stat,False
18:14:24,R-8,R-7,Normal,True
18:15:07,D-1,R-1,Normal,True
18:15:50,R-8,D-3,Stat,False
18:16:34,R-4,R-1,Normal,False
18:17:17,R-7,D-3,Normal,True
18:18:00,R-7,R-6,Normal,False
18:18:43,R-4,R-2,Stat,False
18:19:26,R-1,R-7,Stat,False
18:20:10,D-3,R-3,Normal,False
18:20:53,D-3,D-1,Normal,False
18:21:36,R-7,R-1,Normal,False
18:22:19,D-3,R-3,Normal,False
18:23:02,R-7,R-3,Stat,False
18:23:46,R-1,R-7,Stat,False
18:24:29,D-3,R-1,Normal,False
18:25:12,R-4,R-1,Normal,False
18:25:55,R-2,D-2,Normal,True
18:26:38,R-2,D-4,Stat,False
18:27:22,R-5,D-1,Stat,False
18:28:05,D-1,R-5,Stat,False
18:28:48,R-2,D-4,Stat,False
18:29:31,R-4,D-4,Stat,False
18:30:14,R-6,D-1,Normal,True
18:30:58,R-2,D-2,Normal,True
18:31:41,R-7,R-6,Normal,False
18:32:24,R-2,R-8,Normal,False
18:33:07,D-4,D-1,Normal,False
18:33:50,R-6,R-7,Normal,False
18:34:34,R-4,R-1,Normal,False
18:35:17,R-8,R-7,Stat,False
18:36:00,R-4,R-6,Normal,True
18:36:43,D-3,R-8,Stat,False
18:37:26,R-1,R-4,Stat,False
18:38:10,R-2,D-2,Normal,True
18:38:53,R-7,R-4,Normal,True
18:39:36,R-4,R-2,Normal,True
18:40:19,R-4,R-3,Normal,True
18:41:02,D-3,D-1,Normal,False
18:41:46,D-4,D-1,Normal,True
18:42:29,R-6,R-3,Normal,True
18:43:12,R-2,R-3,Stat,False
18:43:55,D-1,R-2,Normal,False
18:44:38,R-7,R-3,Stat,False
18:45:22,R-4,R-2,Normal,True
18:46:05,R-4,R-3,Normal,True
18:46:48,R-6,R-1,Normal,True
18:47:31,R-8,D-4,Stat,False
18:48:14,R-4,D-2,Stat,False
18:48:58,R-5,D-1,Stat,False
18:49:41,R-1,R-6,Normal,True
18:50:24,R-4,R-5,Normal,False
18:51:07,R-8,R-4,Stat,False
18:51:50,R-4,R-1,Normal,False
18:52:34,R-7,R-8,Stat,False
18:53:17,R-2,D-4,Stat,False
18:54:00,R-5,R-8,Stat,False
18:54:43,R-6,R-1,Normal,True
18:55:26,R-4,R-2,Stat,False
18:56:10,R-7,D-3,Normal,True
18:56:53,R-5,R-1,Stat,False
18:57:36,R-6,R-2,Normal,True
18:58:19,D-3,R-8,Normal,False
18:59:02,R-4,R-2,Normal,True
18:59:46,R-6,R-2,Normal,True
19:00:29,R-2,R-1,Stat,False
19:01:12,R-4,R-5,Normal,False
19:01:55,D-3,R-3,Normal,False
19:02:38,R-1,R-4,Stat,False
19:03:22,D-3,R-8,Normal,True
19:04:05,R-2,R-1,Stat,False
19:04:48,D-4,R-1,Normal,True
19:05:31,R-4,R-3,Stat,False
19:06:14,R-4,D-2,Stat,False
19:06:58,D-3,D-1,Normal,False
19:07:41,R-4,R-2,Stat,False
19:08:24,D-3,D-1,Normal,False
19:09:07,R-4,R-1,Normal,False
19:09:50,R-7,R-4,Normal,True
19:10:34,R-7,R-8,Stat,False
19:11:17,R-4,D-2,Stat,False
19:12:00,R-4,D-4,Stat,False
19:12:43,R-4,R-2,Stat,False
19:13:26,D-3,R-3,Normal,False
19:14:10,R-4,R-3,Normal,True
19:14:53,D-3,D-1,Normal,False
19:15:36,D-3,R-3,Normal,False
19:16:19,D-3,R-8,Stat,False
19:17:02,D-2,R-7,Stat,False
19:17:46,R-2,R-1,Stat,False
19:18:29,R-1,R-6,Normal,True
19:19:12,R-6,R-1,Normal,True
19:19:55,R-4,R-5,Stat,False
19:20:38,D-4,D-1,Normal,True
19:21:22,R-1,D-4,Normal,True
19:22:05,R-2,D-2,Normal,True
19:22:48,R-2,R-8,Normal,False
19:23:31,D-3,R-3,Normal,False
19:24:14,R-3,D-3,Stat,False
19:24:58,D-3,R-8,Normal,True
19:25:41,D-3,R-1,Normal,False
19:26:24,D-2,R-7,Stat,False
19:27:07,D-4,R-1,Normal,True
19:27:50,R-6,D-1,Normal,True
19:28:34,R-7,R-8,Stat,False
19:29:17,D-3,R-8,Normal,True
19:30:00,D-3,R-1,Normal,False
19:30:43,R-6,R-1,Normal,True
19:31:26,R-7,R-4,Normal,True
19:32:10,R-6,R-3,Normal,True
19:32:53,R-6,R-1,Normal,True
19:33:36,R-5,R-8,Stat,False
19:34:19,D-3,R-8,Normal,True
19:35:02,D-3,R-1,Normal,False
19:35:46,R-1,R-4,Stat,False
19:36:29,R-2,R-1,Stat,False
19:37:12,R-1,R-4,Stat,False
19:37:55,D-2,R-7,Stat,False
19:38:38,R-4,R-5,Normal,False
19:39:22,R-4,R-2,Stat,False
19:40:05,D-1,R-5,Stat,False
19:40:48,R-8,R-4,Stat,False
19:41:31,R-2,D-4,Stat,False
19:42:14,D-3,R-8,Normal,True
19:42:58,R-4,R-3,Stat,False
19:43:41,R-8,D-4,Stat,False
19:44:24,D-3,R-8,Stat,False
19:45:07,R-1,R-4,Stat,False
19:45:50,R-4,R-2,Stat,False
19:46:34,D-1,R-2,Normal,False
19:47:17,D-1,R-8,Normal,True
19:48:00,R-5,R-4,Normal,True
19:48:43,R-1,D-4,Normal,True
19:49:26,R-2,R-1,Stat,False
19:50:10,R-5,D-4,Normal,False
19:50:53,R-7,D-3,Normal,True
19:51:36,R-4,R-2,Normal,True
19:52:19,R-3,D-3,Stat,False
19:53:02,D-2,D-1,Normal,False
19:53:46,D-4,D-1,Normal,True
19:54:29,D-1,R-2,Normal,False
19:55:12,R-5,D-1,Stat,False
19:55:55,R-4,R-3,Stat,False
19:56:38,R-6,R-1,Normal,True
19:57:22,D-1,R-1,Normal,True
19:58:05,R-1,D-4,Normal,True
19:58:48,R-2,R-3,Stat,False
19:59:31,D-2,D-1,Normal,False
20:00:14,R-5,D-4,Stat,False
20:00:58,R-7,D-3,Normal,True
20:01:41,R-5,R-4,Normal,True
20:02:24,R-7,R-1,Normal,False
20:03:07,R-5,D-4,Normal,False
20:03:50,R-6,R-1,Normal,True
20:04:34,R-5,D-4,Stat,False
20:05:17,R-6,R-1,Normal,True
20:06:00,R-2,R-1,Stat,False
20:06:43,R-8,R-7,Normal,True
20:07:26,R-8,D-2,Normal,False
20:08:10,R-4,R-6,Normal,True
20:08:53,R-8,R-4,Stat,False
20:09:36,R-8,D-2,Normal,False
20:10:19,R-4,R-6,Normal,True
20:11:02,R-8,R-7,Stat,False
20:11:46,R-5,D-4,Normal,False
20:12:29,R-7,R-3,Stat,False
20:13:12,R-1,D-4,Normal,True
20:13:55,R-4,R-1,Normal,False
20:14:38,R-1,R-6,Normal,True
20:15:22,R-7,R-4,Normal,True
20:16:05,R-5,R-1,Stat,False
20:16:48,D-1,R-2,Normal,False
20:17:31,R-5,D-1,Stat,False
20:18:14,D-1,R-8,Normal,True
20:18:58,R-5,R-3,Normal,False
20:19:41,D-4,D-1,Normal,False
20:20:24,D-3,R-8,Stat,False
20:21:07,D-1,R-2,Normal,False
20:21:50,D-2,D-1,Normal,False
20:22:34,R-5,D-1,Stat,False
20:23:17,R-6,R-1,Normal,True
20:24:00,R-4,D-2,Stat,False
20:24:43,D-3,R-8,Stat,False
20:25:26,R-2,R-5,Stat,False
20:26:10,R-2,R-8,Normal,False
20:26:53,R-4,R-5,Normal,False
20:27:36,D-2,D-1,Normal,False
20:28:19,D-3,D-1,Normal,False
20:29:02,R-7,R-4,Normal,True
20:29:46,R-4,R-6,Normal,True
20:30:29,D-3,R-8,Normal,True
20:31:12,D-2,D-1,Normal,False
20:31:55,R-6,R-1,Normal,True
20:32:38,D-1,R-8,Normal,True
20:33:22,D-3,R-8,Normal,True
20:34:05,R-8,R-7,Stat,False
20:34:48,R-6,R-1,Normal,True
20:35:31,R-4,R-2,Stat,False
20:36:14,R-4,R-6,Normal,True
20:36:58,R-2,R-5,Stat,False
20:37:41,R-2,D-4,Stat,False
20:38:24,R-2,D-2,Normal,True
20:39:07,R-4,R-6,Normal,True
20:39:50,R-5,R-4,Normal,True
20:40:34,R-8,R-7,Stat,False
20:41:17,R-5,D-4,Stat,False
20:42:00,R-5,D-4,Normal,False
20:42:43,D-1,R-5,Stat,False
20:43:26,R-5,R-4,Normal,True
20:44:10,D-3,R-8,Normal,True
20:44:53,R-8,R-3,Stat,False
20:45:36,D-2,R-7,Stat,False
20:46:19,R-4,D-2,Stat,False
20:47:02,R-1,R-6,Normal,True
20:47:46,R-1,R-4,Stat,False
20:48:29,R-4,R-2,Stat,False
20:49:12,R-2,D-4,Stat,False
20:49:55,R-4,R-3,Stat,False
20:50:38,R-6,R-7,Normal,False
20:51:22,R-4,R-3,Normal,True
20:52:05,R-4,R-1,Normal,False
20:52:48,R-7,R-1,Normal,False
20:53:31,R-8,D-3,Stat,False
20:54:14,R-6,D-1,Normal,True
20:54:58,R-5,D-4,Stat,False
20:55:41,R-7,D-3,Normal,True
20:56:24,R-8,D-2,Normal,False
20:57:07,D-1,R-1,Normal,True
20:57:50,R-7,R-8,Stat,False
20:58:34,R-2,D-2,Normal,True
20:59:17,R-4,R-2,Stat,False
21:00:00,R-2,D-2,Normal,True
21:00:43,R-7,R-8,Stat,False
21:01:26,R-2,D-4,Stat,False
21:02:10,R-5,R-4,Normal,True
21:02:53,R-8,D-3,Stat,False
21:03:36,R-8,R-7,Normal,True
21:04:19,R-2,R-1,Stat,False
21:05:02,R-7,R-4,Normal,True
21:05:46,R-5,R-8,Stat,False
21:06:29,R-4,R-2,Stat,False
21:07:12,R-5,D-4,Stat,False
21:07:55,D-4,D-1,Normal,False
21:08:38,R-8,R-7,Stat,False
21:09:22,R-5,R-3,Normal,False
21:10:05,D-3,R-8,Stat,False
21:10:48,R-5,R-3,Normal,False
21:11:31,R-4,R-6,Normal,True
21:12:14,R-6,R-2,Normal,True
21:12:58,R-2,D-2,Normal,True
21:13:41,D-1,R-2,Normal,False
21:14:24,R-1,R-7,Stat,False
21:15:07,R-4,R-1,Normal,False
21:15:50,D-3,R-8,Stat,False
21:16:34,D-3,D-1,Normal,False
21:17:17,R-5,R-4,Normal,True
21:18:00,D-3,R-1,Normal,False
21:18:43,R-1,R-7,Stat,False
21:19:26,R-5,D-4,Normal,False
21:20:10,R-7,R-3,Stat,False
21:20:53,R-6,D-1,Normal,True
21:21:36,R-6,R-7,Normal,False
21:22:19,R-5,D-4,Normal,False
21:23:02,R-2,D-4,Stat,False
21:23:46,R-2,D-4,Stat,False
21:24:29,D-4,D-1,Normal,True
21:25:12,R-4,R-2,Stat,False
21:25:55,R-4,R-1,Normal,False
21:26:38,R-1,D-4,Normal,True
21:27:22,R-8,R-7,Stat,False
21:28:05,D-4,D-1,Normal,False
21:28:48,D-2,D-1,Normal,False
21:29:31,D-3,D-1,Normal,False
21:30:14,R-4,R-6,Normal,True
21:30:58,R-1,R-6,Normal,True
21:31:41,R-8,D-2,Normal,False
21:32:24,R-8,D-2,Stat,False
21:33:07,R-5,R-1,Stat,False
21:33:50,R-6,R-2,Normal,True
21:34:34,D-4,R-1,Normal,True
21:35:17,R-2,R-5,Stat,False
21:36:00,R-4,R-3,Normal,True
21:36:43,R-4,R-3,Stat,False
21:37:26,R-1,R-6,Normal,True
21:38:10,R-8,D-3,Stat,False
21:38:53,R-6,R-7,Normal,False
21:39:36,D-3,R-8,Normal,False
21:40:19,R-2,D-2,Normal,True
21:41:02,R-6,D-1,Normal,True
21:41:46,R-2,R-3,Stat,False
21:42:29,R-1,R-7,Stat,False
21:43:12,R-7,R-3,Stat,False
21:43:55,D-1,R-8,Normal,True
21:44:38,R-5,D-4,Normal,False
21:45:22,R-5,R-4,Normal,True
21:46:05,R-2,D-2,Normal,True
21:46:48,R-8,D-2,Stat,False
21:47:31,R-6,D-1,Normal,True
21:48:14,R-2,D-4,Stat,False
21:48:58,R-2,D-4,Stat,False
21:49:41,D-4,D-1,Normal,False
21:50:24,R-1,R-4,Stat,False
21:51:07,R-6,R-1,Normal,True
21:51:50,R-2,R-3,Stat,False
21:52:34,R-5,R-4,Normal,True
21:53:17,R-5,D-4,Stat,False
21:54:00,R-4,R-1,Normal,False
21:54:43,R-7,R-3,Stat,False
21:55:26,R-4,R-3,Normal,True
21:56:10,R-7,R-3,Stat,False
21:56:53,R-4,R-5,Normal,False
21:57:36,R-7,R-4,Normal,True
21:58:19,R-8,R-3,Stat,False
21:59:02,R-8,D-2,Stat,False
21:59:46,R-8,R-7,Stat,False
22:00:29,R-1,R-4,Stat,False
22:01:12,D-1,R-2,Normal,False
22:01:55,D-3,R-1,Normal,False
22:02:38,D-3,R-8,Normal,False
22:03:22,R-7,R-4,Normal,True
22:04:05,R-7,R-6,Normal,False
22:04:48,D-4,D-1,Normal,False
22:05:31,R-6,R-1,Normal,True
22:06:14,R-4,R-3,Normal,True
22:06:58,R-7,R-4,Normal,True
22:07:41,R-4,R-3,Normal,True
22:08:24,R-1,R-6,Normal,True
22:09:07,R-4,R-3,Stat,False
22:09:50,R-1,R-4,Stat,False
22:10:34,D-4,D-1,Normal,False
22:11:17,R-7,R-4,Normal,True
22:12:00,R-7,R-6,Normal,False
22:12:43,R-2,D-4,Stat,False
22:13:26,D-4,D-1,Normal,True
22:14:10,R-7,D-3,Normal,True
22:14:53,R-4,R-2,Stat,False
22:15:36,R-2,D-4,Stat,False
22:16:19,D-1,R-2,Normal,False
22:17:02,R-4,R-3,Stat,False
22:17:46,R-2,D-4,Stat,False
22:18:29,R-4,R-2,Stat,False
22:19:12,R-2,R-8,Normal,False
22:19:55,R-8,D-4,Stat,False
22:20:38,R-4,R-2,Stat,False
22:21:22,R-2,R-8,Normal,False
22:22:05,R-1,R-4,Stat,False
22:22:48,D-4,D-1,Normal,False
22:23:31,R-4,R-2,Stat,False
22:24:14,R-4,R-3,Stat,False
22:24:58,R-6,R-1,Normal,True
22:25:41,R-4,R-5,Normal,False
22:26:24,R-8,R-4,Stat,False
22:27:07,R-4,R-3,Stat,False
22:27:50,R-8,R-7,Stat,False
22:28:34,R-6,R-1,Normal,True
22:29:17,D-4,D-1,Normal,False
22:30:00,D-1,R-2,Normal,False
22:30:43,R-8,D-2,Stat,False
22:31:26,R-1,D-4,Normal,True
22:32:10,R-4,R-2,Stat,False
22:32:53,R-6,R-3,Normal,True
22:33:36,R-4,R-2,Normal,True
22:34:19,R-2,D-4,Stat,False
22:35:02,R-6,R-1,Normal,True
22:35:46,R-5,D-1,Stat,False
22:36:29,R-4,R-3,Normal,True
22:37:12,R-8,R-4,Stat,False
22:37:55,D-3,R-8,Normal,False
22:38:38,D-3,R-8,Normal,True
22:39:22,D-1,R-2,Normal,False
22:40:05,R-6,R-1,Normal,True
22:40:48,D-3,R-8,Stat,False
22:41:31,R-5,R-4,Normal,True
22:42:14,R-2,D-4,Stat,False
22:42:58,R-4,D-4,Stat,False
22:43:41,R-1,R-6,Normal,True
22:44:24,D-4,D-1,Normal,False
22:45:07,D-3,R-8,Normal,True
22:45:50,R-4,R-6,Normal,True
22:46:34,R-7,R-3,Stat,False
22:47:17,R-2,R-8,Normal,False
22:48:00,R-4,R-1,Normal,False
22:48:43,R-2,D-2,Normal,True
22:49:26,R-6,R-3,Normal,True
22:50:10,R-5,R-8,Stat,False
22:50:53,R-1,R-6,Normal,True
22:51:36,R-4,R-3,Stat,False
22:52:19,R-4,R-3,Stat,False
22:53:02,R-4,D-4,Stat,False
22:53:46,D-3,R-8,Normal,False
22:54:29,R-8,D-3,Stat,False
22:55:12,D-3,R-8,Normal,True
22:55:55,R-4,R-2,Normal,True
22:56:38,R-4,R-6,Normal,True
22:57:22,R-8,R-7,Stat,False
22:58:05,R-1,R-6,Normal,True
22:58:48,R-5,D-1,Stat,False
22:59:31,R-4,R-3,Normal,True
23:00:14,R-1,R-6,Normal,True
23:00:58,D-3,R-3,Normal,False
23:01:41,R-6,R-2,Normal,True
23:02:24,R-2,R-5,Stat,False
23:03:07,R-5,D-1,Stat,False
23:03:50,R-2,R-5,Stat,False
23:04:34,R-8,R-7,Normal,True
23:05:17,R-1,D-4,Normal,True
23:06:00,R-2,D-4,Stat,False
23:06:43,R-4,R-2,Normal,True
23:07:26,R-8,R-4,Stat,False
23:08:10,R-8,R-7,Normal,True
23:08:53,D-3,R-8,Normal,True
23:09:36,D-4,D-1,Normal,False
23:10:19,R-2,R-3,Stat,False
23:11:02,R-4,D-4,Stat,False
23:11:46,R-2,R-5,Stat,False
23:12:29,R-5,D-4,Stat,False
23:13:12,R-1,R-4,Stat,False
23:13:55,R-8,R-7,Stat,False
23:14:38,R-5,R-4,Normal,True
23:15:22,R-2,R-5,Stat,False
23:16:05,R-5,R-4,Normal,True
23:16:48,R-5,R-8,Stat,False
23:17:31,R-7,R-3,Stat,False
23:18:14,R-2,R-8,Normal,False
23:18:58,R-8,D-2,Stat,False
23:19:41,R-5,D-4,Stat,False
23:20:24,R-7,D-3,Normal,True
23:21:07,D-3,R-3,Normal,False
23:21:50,R-6,R-7,Normal,False
23:22:34,R-7,R-3,Stat,False
23:23:17,D-1,R-1,Normal,True
23:24:00,R-4,D-4,Stat,False
23:24:43,R-8,D-2,Stat,False
23:25:26,D-3,R-8,Normal,True
23:26:10,R-4,R-3,Normal,True
23:26:53,R-7,R-3,Stat,False
23:27:36,R-6,R-1,Normal,True
23:28:19,R-7,D-3,Normal,True
23:29:02,R-4,R-5,Normal,False
23:29:46,D-1,R-5,Stat,False
23:30:29,R-6,R-2,Normal,True
23:31:12,R-4,R-3,Normal,True
23:31:55,R-5,R-1,Stat,False
23:32:38,D-3,R-1,Normal,False
23:33:22,R-7,D-3,Normal,True
23:34:05,R-7,R-8,Stat,False
23:34:48,R-5,R-3,Normal,False
23:35:31,R-8,R-7,Stat,False
23:36:14,R-4,D-2,Stat,False
23:36:58,D-1,R-2,Normal,False
23:37:41,R-8,D-3,Stat,False
23:38:24,R-4,R-2,Stat,False
23:39:07,R-7,R-1,Normal,False
23:39:50,R-7,R-1,Normal,False
23:40:34,R-4,R-1,Normal,False
23:41:17,R-8,D-4,Stat,False
23:42:00,D-3,R-8,Normal,True
23:42:43,D-3,R-8,Normal,True
23:43:26,R-2,D-4,Stat,False
23:44:10,R-6,R-3,Normal,True
23:44:53,D-3,R-1,Normal,False
23:45:36,D-1,R-1,Normal,True
23:46:19,D-1,R-1,Normal,True
23:47:02,D-1,R-2,Normal,False
23:47:46,R-8,D-3,Stat,False
23:48:29,R-8,R-3,Stat,False
23:49:12,R-4,R-2,Normal,True
23:49:55,R-8,D-2,Normal,False
23:50:38,R-4,R-5,Normal,False
23:51:22,R-2,D-4,Stat,False
23:52:05,R-4,R-3,Normal,True
23:52:48,D-1,R-2,Normal,False
23:53:31,R-8,R-7,Stat,False
23:54:14,R-8,R-7,Stat,False
23:54:58,R-6,R-2,Normal,True
23:55:41,R-7,R-6,Normal,False
23:56:24,R-6,D-1,Normal,True
23:57:07,R-4,R-5,Normal,False
23:57:50,R-8,R-4,Stat,False
23:58:34,R-5,D-4,Stat,False
23:59:17,R-3,D-3,Stat,False
